prism_consumer_id,amount
0,53797.05
2,17435.96
4,147432.41999999998
7,136489.04
9,126885.15
11,107315.19
12,158944.66
13,79220.93
14,147659.03
16,454485.02999999997
21,94697.47
23,124322.18
25,138953.02
26,7216.04
28,33020.64
29,26221.09
30,229409.79
32,54151.5
33,134225.09
34,84744.61
35,115657.45999999999
36,69344.13
37,23370.51
39,67995.64
41,124225.13
44,25404.31
45,191690.96
47,70928.66
56,318091.73
59,452.18
60,50355.94
62,103729.87
63,62768.19
67,321906.02999999997
69,74034.81
71,115050.73
78,224175.79
79,33611.37
81,38171.88
83,25865.23
84,46467.549999999996
85,3530.06
86,12337.77
87,37705.71
88,88729.27
90,31260.88
91,211132.28
94,45933.380000000005
95,149980.49
96,6628.76
97,96870.31
100,205361.07
103,151888.24
106,18913.38
107,33404.95
108,0.43000000000000005
114,16000.0
118,84145.34
119,170712.54
120,55409.37
123,130723.45
124,10.46
127,19977.87
128,142437.53
129,117881.99
132,82744.13
136,111745.1
141,142522.39
144,35759.42
145,138426.05
147,459.6
153,7891.0
157,42907.59
158,91531.37
159,26270.8
160,56483.020000000004
161,63099.9
162,153499.05
163,73082.4
164,20092.59
167,65494.87
169,104012.18
174,12423.279999999999
177,84041.89
179,72355.0
180,60559.159999999996
183,105371.98
186,80190.02
187,206370.09
190,20177.11
191,263418.41
192,134484.79
194,65223.46
197,803657.69
200,227978.82
202,71388.64
206,63237.56
211,2710.0
213,29177.78
214,346064.47000000003
215,73760.17
216,88141.96
217,36260.29
218,182231.8
220,70130.06
221,3492.02
223,13902.2
224,105879.79000000001
226,66496.49
227,169980.1
230,2827.44
235,92100.28
237,54381.380000000005
241,21166.21
243,964037.53
244,216233.43
245,37300.3
248,3160.44
251,86837.88
255,172048.95
256,61358.03
258,234626.99
261,54244.49
262,339935.06
264,87558.72
266,257160.66999999998
281,21634.3
282,87469.79
283,64346.42
284,94260.22
286,65172.22
290,231749.24
293,57099.88
296,71515.06
297,164751.9
298,70417.58
299,106902.7
300,62.51
303,49446.45
307,15723.06
309,109340.06
311,38265.6
312,109752.07
315,39709.77
318,11258.14
319,83631.34
326,146025.18
330,85298.72
331,101568.49
336,28036.27
339,80949.73
345,79649.81
347,114912.42
348,96717.31999999999
349,185884.22
350,110191.98
352,55504.77
355,8254.51
356,44025.57
357,86503.77
359,43554.34
363,95860.68
365,29721.59
366,60365.56
367,48350.0
368,139091.76
370,97881.99
374,6.0
376,75175.97
377,118483.84
378,57932.48
380,23102.18
381,25457.94
384,58527.42
387,505609.12
388,150972.51
390,18725.1
391,131531.48
393,1821.85
394,21299.1
395,532500.4
401,75199.71
402,47094.77
403,77302.58
404,58189.96
406,84910.47
407,52165.270000000004
409,27422.68
410,57062.85
411,67609.74
413,96684.56
414,2575.0
416,66411.44
418,152390.64
419,157341.09
420,71286.43000000001
421,5200.0
423,142812.47
424,7200.0
425,8675.720000000001
428,201552.35
430,153355.52
431,89289.69
434,27.32
438,48437.700000000004
440,117730.93000000001
441,159803.3
442,9358.529999999999
443,71386.81
444,45093.06
446,134216.29
449,20322.62
450,61392.98
451,47694.61
453,38175.0
456,3644057.77
461,83796.25
463,66895.85
465,60857.74
466,91955.38
470,101022.24
472,0.04
473,64911.49
474,12776.56
475,36907.36
476,27454.14
477,210812.93
480,43913.25
482,84338.31
483,129237.20999999999
486,66324.36
488,71363.37
489,137208.8
490,205133.35
494,81823.54
497,57562.0
498,51542.5
499,94782.5
501,13801.21
504,66587.36
505,67806.3
511,115230.14
515,38975.08
516,75076.05
520,65032.27
522,47748.06
523,77839.18
525,61090.0
526,0.26
527,70347.79
528,65095.91
533,49166.13
534,29450.61
537,26639.350000000002
539,34948.98
540,86615.83
541,86347.02
543,278314.22
547,86081.44
548,111348.08
549,54195.01
550,54196.35
552,87047.63
553,31422.1
554,112385.36
555,136909.4
557,114156.3
558,890.04
559,5845.0
561,84045.87
562,103562.87
564,46543.25
567,66383.01
568,74268.7
569,57753.21
570,39201.47
573,36270.2
574,87034.68
575,61239.79
577,26341.329999999998
579,110732.51
584,30772.11
585,87293.1
586,54735.0
587,44561.95
589,78077.64
591,75493.75
594,45487.39
595,68658.29
596,276286.99
599,90911.83
603,115871.09999999999
604,77339.14
605,166658.56
606,92199.27
607,101072.17
612,94960.37
615,277678.24
616,31722.219999999998
617,128208.87
619,4885.16
620,93988.06
622,96748.95
624,48162.29
626,70276.2
627,86775.54000000001
628,65339.880000000005
629,86867.64
631,143334.51
633,128288.94
635,96541.0
641,41859.4
643,49281.96
645,63637.36
646,32327.36
650,10008.779999999999
651,7993.53
652,69560.08
656,7886.19
658,53240.96
660,48561.16
661,34214.64
663,84270.06
664,108349.97
666,101945.46
671,34577.92
672,82511.27
674,247367.28
676,265787.05
677,184540.85
678,33138.63
679,92488.26
682,39035.3
683,38933.37
684,117970.71
685,163611.06
687,205834.45
691,45535.97
692,88421.51
696,15965.77
697,169600.68
698,280.0
699,117006.63
700,107292.14
711,73405.44
714,24830.34
715,70554.84
721,44410.42
722,217465.94
723,176530.4
724,165737.09
729,53884.46
731,72699.81
734,28581.48
735,29520.6
736,31546.88
739,18549.59
740,219850.74
743,82811.33
746,85195.56
747,105443.54000000001
748,94440.15000000001
749,110231.09
750,6191.94
751,72760.15000000001
752,47026.56
754,152614.7
755,11000.0
756,15271.06
758,63636.74
761,191903.22
762,140483.8
765,19745.91
771,50428.56
773,502324.88
774,86136.18
777,8900.0
778,73712.76
781,15600.0
787,71518.95
788,104730.6
789,103410.05
793,16414.23
794,172242.21
799,38565.97
800,108465.90000000001
801,1307627.44
802,198327.11
804,92056.33
808,157016.88
812,6940.06
813,47183.0
814,177441.43
817,265693.51
818,92271.2
819,31.119999999999997
822,35492.76
824,257922.56
826,103108.17
828,26241.88
831,24543.63
833,15600.0
834,19323.77
835,104776.87
836,228877.31
837,139874.98
838,145990.48
841,155845.13
842,263677.06
843,42317.69
846,57648.43
849,6050.8
851,56078.25
852,61544.97
854,67801.76
857,59793.38
858,75113.19
861,0.04
862,113605.56
865,63113.24
869,19332.98
872,95891.84
874,155011.41
875,87604.56999999999
876,102867.26
879,66292.26
880,38574.97
881,178486.02
884,52737.28
885,82423.28
888,20022.12
891,131900.38999999998
892,96700.72
894,173313.91
896,7370.27
898,42060.75
900,93498.19
903,435899.17000000004
904,96139.77
906,151453.63
907,133687.19
908,23959.98
911,25647.04
912,60024.34
914,126967.62
916,6851.42
917,3736.94
918,22840.62
920,0.17
922,27584.37
927,148320.22
928,38775.43
929,57973.05
930,36351.090000000004
932,127736.26000000001
934,12719.960000000001
935,76899.73
941,28961.6
943,20554.72
945,73298.65
948,143128.21
949,318268.12
950,242415.14
951,86412.36
952,225235.08000000002
953,1389.58
957,171956.38
964,24512.47
966,9992.31
967,121015.84
973,130.48
975,100842.47
976,44965.75
977,191738.78
979,143051.58000000002
981,0.03
984,46443.439999999995
987,100830.07
991,57183.31
995,64426.45
996,61251.06
997,87129.2
1000,51565.0
1005,86309.96
1008,67962.18
1009,85687.38
1010,71318.32
1019,132107.27
1021,77572.72
1025,26961.71
1027,41557.8
1028,79273.37
1032,97569.83
1034,8592.619999999999
1036,111931.72
1038,72394.7
1039,165911.46
1041,39420.75
1042,42902.48
1043,15884.279999999999
1045,74915.24
1046,30657.64
1047,80056.21
1048,191415.48
1051,95500.1
1052,60585.96
1053,20132.95
1055,150779.85
1057,46650.74
1058,8059.9
1060,210928.15
1061,94601.70999999999
1065,73770.51
1067,26487.7
1068,0.24000000000000002
1069,117517.05
1070,79033.53
1071,177643.47
1075,81064.14
1076,76869.13
1077,114858.85
1078,43043.38
1079,1225.4299999999998
1081,239789.98
1082,24184.3
1084,62397.81
1085,103283.6
1086,71402.07
1087,38626.05
1089,38641.73
1091,223412.95
1092,134486.38
1094,407267.12
1097,72497.31
1098,84360.04
1100,94857.42
1101,116711.95
1104,78236.55
1106,99760.0
1115,114844.22
1116,151668.35
1117,26094.670000000002
1118,50559.42
1119,53219.99
1120,17432.510000000002
1122,43604.62
1123,103935.31
1124,91240.54
1127,32423.57
1128,90237.33
1130,60.0
1131,83590.69
1133,13014.43
1134,16328.34
1137,440648.25
1141,46412.69
1142,11256.210000000001
1147,99032.63
1149,67750.68
1152,142817.18
1154,73223.98
1155,2196.91
1156,121287.9
1157,48959.08
1159,54810.15
1162,64008.57
1164,98358.96
1165,39744.17
1166,135892.21
1168,17059.39
1173,74852.58
1174,586802.47
1176,4054.34
1177,870361.15
1180,474991.84
1182,128919.81
1183,224528.95
1184,47870.37
1187,71364.09
1189,69057.56
1190,45338.24
1192,90506.03
1193,53441.71
1194,92644.87
1195,68150.0
1196,105252.66
1198,116337.94
1201,199828.42
1202,71981.06
1203,142813.4
1204,145204.12
1206,86360.68000000001
1207,12760.289999999999
1212,55969.68
1215,34896.11
1218,125631.44
1219,28685.97
1220,232845.36
1224,89505.72
1227,222996.09
1228,40321.03
1231,26622.36
1232,37910.02
1234,45624.43000000001
1238,300.0
1239,107402.3
1241,109260.49
1242,127788.72
1243,93589.5
1245,12971.44
1246,308090.02
1247,46840.6
1250,74206.44
1252,40000.0
1255,87076.93
1256,97955.0
1257,125326.01
1258,37355.89
1261,33820.0
1262,8000.0
1263,83257.84
1266,6608.26
1273,367.68
1276,151407.97
1281,52761.49
1284,121958.27
1285,112731.69
1286,38961.37
1287,138003.49
1288,100142.05
1290,143433.33
1292,33294.44
1293,10867.94
1294,15570.97
1296,88987.17
1297,600.0
1299,531.77
1302,53811.799999999996
1303,148211.6
1304,17163.41
1305,58803.35
1307,15236.1
1308,71668.59
1309,23051.79
1310,6883.320000000001
1311,67933.65000000001
1313,2916.47
1314,135821.76
1315,54264.71
1316,198642.22
1317,82829.41
1320,62173.92
1321,72360.29
1323,14210.0
1324,142290.3
1326,30841.04
1327,247083.94
1329,80097.84
1330,100348.41
1331,36935.68
1332,36793.2
1333,1917.05
1336,112307.07
1338,24318.91
1340,75940.43000000001
1342,241183.71
1344,162784.63
1350,11450.84
1351,535460.05
1353,27585.510000000002
1355,79911.81
1356,77693.92
1357,54837.85
1359,26226.02
1361,83946.64
1362,36990.26
1366,100854.85
1367,100188.46
1368,74315.47
1369,29392.54
1370,51204.0
1373,177894.21
1374,68629.5
1375,31256.34
1376,95554.93000000001
1377,100690.32
1378,21109.57
1379,30586.03
1382,74115.23
1384,2813.16
1386,85009.43
1388,92512.16
1390,84899.71
1394,1913.07
1398,125757.57
1399,61386.85
1400,9152.689999999999
1401,18678.16
1405,98239.06
1406,111990.54
1407,50228.82
1411,99033.04
1416,133183.52
1417,42254.72
1418,91605.13
1419,100072.31999999999
1420,90937.47
1421,70699.28
1422,191322.69
1423,36483.11
1425,153694.56
1430,88923.64
1431,117830.43000000001
1433,26837.420000000002
1435,109916.45
1437,344559.39
1438,46557.979999999996
1440,76722.86
1442,6017.0
1443,51396.32
1445,362886.0
1447,47201.79
1448,86085.70999999999
1451,46173.4
1452,72997.23
1453,6244.5
1458,11245.34
1464,16255.52
1465,363.89
1468,240411.33
1469,326995.32
1471,111583.53
1472,186613.99
1473,88489.6
1474,3858.91
1476,92683.17
1477,62819.86
1478,80749.20000000001
1480,31716.66
1481,88754.32
1486,268591.77999999997
1488,71427.13
1490,81204.97
1491,5980.0
1492,106106.08
1494,409549.18
1495,100420.09
1496,112233.77
1497,52935.82
1501,33959.85
1503,161256.28
1505,117376.84
1507,99458.61
1508,36208.73
1509,125813.65
1518,34668.11
1520,93453.11
1522,250.04
1523,82253.15
1524,98155.91
1525,1067884.98
1526,15437.33
1528,83408.1
1529,188449.03
1530,126812.69
1531,72709.94
1534,80156.24
1536,151038.8
1537,206174.87
1538,638485.99
1541,163210.1
1542,69242.52
1543,52570.32
1545,133454.22
1546,610771.3
1547,78486.31999999999
1548,60756.58
1556,92320.97
1558,98849.0
1559,179289.21
1560,216895.63999999998
1565,64459.46000000001
1566,49194.270000000004
1567,56617.28
1569,54135.02
1570,106305.92
1571,50059.69
1573,53701.7
1576,98125.8
1578,75595.73
1579,39604.07
1582,77433.51
1585,70616.93
1586,10500.0
1587,176199.09
1588,7800.0
1589,38118.54
1590,32255.05
1591,83242.02
1592,28726.28
1595,130688.5
1597,59351.06
1598,90971.41
1601,8352.36
1602,230428.52
1603,96014.73
1604,24408.38
1605,93342.56
1607,134124.18
1611,62434.12
1612,349651.29
1614,214709.19
1617,243996.9
1622,132884.82
1623,201765.92
1625,1694.11
1626,14937.71
1628,338147.25
1630,8125.0
1631,6265.03
1633,98962.78
1635,43483.45
1636,95241.69
1638,42954.17
1639,49408.49
1641,48587.61
1642,70283.2
1644,25389.14
1646,299487.83
1647,30895.98
1648,959558.41
1649,3996.1800000000003
1655,0.32999999999999996
1659,86126.53
1661,466682.63
1662,149864.97
1663,26815.12
1668,60134.200000000004
1672,84938.01
1673,65023.76
1675,46214.41
1676,32961.5
1677,198261.05
1681,128048.12
1683,116105.93
1688,148336.88
1690,4425.13
1692,76105.24
1697,23096.69
1700,66232.79
1705,201482.49
1707,18529.4
1709,1005.36
1711,124348.58
1712,229596.88
1714,72803.39
1718,270331.25
1719,89326.8
1720,496650.29000000004
1721,63109.07
1723,49306.28
1726,30104.31
1731,59663.24
1733,20636.06
1735,75441.06
1736,192975.62
1737,49482.47
1739,71109.45
1740,183781.64
1741,200134.4
1749,205844.68
1750,62725.42
1752,52496.97
1756,8400.79
1757,14985.53
1759,50521.950000000004
1760,27140.62
1762,161359.4
1765,61235.56
1766,8001.48
1768,52503.46
1769,40792.5
1772,57278.99
1773,15156.73
1774,157306.88999999998
1776,73997.52
1777,71522.58
1781,6500.0
1783,90000.0
1787,32359.36
1789,52547.58
1794,306.33
1795,211051.5
1801,125123.18000000001
1802,16519.59
1805,282.95
1809,159935.35
1810,165020.57
1811,101290.52
1814,153769.65
1815,2000.0
1816,67080.69
1817,27227.0
1818,29703.38
1819,28692.92
1824,70129.52
1826,282193.72000000003
1827,71707.91
1828,71233.15
1832,86313.0
1833,58984.659999999996
1835,47968.48
1836,59294.29
1839,61198.29
1842,66331.91
1845,52706.479999999996
1846,99077.5
1849,3281.13
1851,285048.44
1852,55975.44
1853,4639.32
1858,78847.2
1860,41002.88
1865,75694.01
1870,191720.42
1871,66142.89
1877,66279.3
1879,1456.1
1883,76205.31
1884,52866.32
1887,104166.53
1888,3500.0
1890,40143.73
1893,46212.89
1894,17429.66
1896,5835697.89
1901,40138.19
1902,74159.38
1903,82948.95
1907,20875.8
1909,56983.87
1910,134275.72
1911,130896.5
1913,71504.22
1914,84122.97
1915,147804.38
1917,118076.86
1919,42654.4
1922,153671.1
1923,111957.06
1924,6332.69
1925,95777.20999999999
1928,118931.48
1929,72.68
1930,79322.83
1931,203811.41
1933,72690.24
1934,55396.83
1939,21460.67
1940,99351.36
1941,105924.77
1942,34749.79
1943,80195.35
1945,28937.18
1950,137952.43
1954,102753.21
1956,91099.15
1957,1009.6299999999999
1959,93685.0
1960,404459.71
1961,229118.49
1963,25593.12
1964,325931.87
1966,76988.37
1967,128864.59
1968,95103.97
1972,22057.94
1973,40588.65
1981,511549.22000000003
1983,15333.52
1986,11046.880000000001
1989,21089.66
1990,164216.15
1991,78318.38
1993,39856.62
1994,45502.31
1997,121412.86
2000,11356.68
2001,59.27
2003,17802.95
2005,24750.99
2008,22922.670000000002
2009,12561.04
2010,21370.54
2013,16476.75
2017,238.43
2020,15118.869999999999
2021,20034.18
2023,13520.89
2025,26336.67
2026,23162.65
2027,11996.55
2029,48161.76
2030,29716.95
2031,175.13
2032,22180.16
2033,14288.71
2035,18600.94
2036,9050.66
2037,6887.04
2038,12878.18
2042,15268.960000000001
2045,3006.92
2047,16992.21
2051,32998.45
2055,12534.65
2057,19321.86
2058,29710.57
2062,15940.03
2063,3093.06
2064,14741.87
2068,22784.989999999998
2070,38161.24
2071,22650.74
2072,14841.79
2074,16261.03
2075,9370.58
2079,7130.1
2080,27209.54
2081,8856.5
2083,14383.91
2086,7715.86
2087,27816.89
2090,23730.0
2091,11325.11
2094,13683.71
2095,19492.91
2096,856.64
2098,18949.65
2099,28003.46
2101,20987.260000000002
2106,16655.03
2108,9395.66
2111,34252.08
2114,22568.98
2115,10847.97
2116,12849.28
2117,18415.98
2118,45308.270000000004
2123,18445.33
2124,20929.649999999998
2126,2456.16
2130,19473.53
2132,24751.13
2133,32925.85
2136,30724.85
2139,17695.84
2140,12234.06
2142,12090.03
2145,18680.84
2146,38884.99
2147,11833.26
2149,13782.51
2150,4222.610000000001
2151,45353.93
2153,28884.24
2154,14449.54
2155,5325.0
2156,27522.11
2157,19978.26
2159,15708.99
2161,7520.07
2162,29161.84
2164,17563.34
2165,8267.59
2166,16988.37
2170,10966.82
2175,14342.65
2179,18119.53
2181,5293.1900000000005
2182,19316.71
2183,850.0
2185,23233.39
2186,14245.85
2188,17741.37
2192,23390.89
2193,17189.8
2195,6001.5
2199,21177.79
2209,9477.58
2210,33721.34
2211,24303.2
2212,6573.97
2213,31296.64
2217,15371.18
2218,12338.24
2219,28065.95
2220,15934.16
2221,20788.28
2222,27797.04
2224,28378.68
2226,33921.95
2228,14834.34
2229,20781.6
2232,20450.97
2233,29394.35
2234,2171.19
2239,15549.43
2240,59357.1
2242,12218.95
2244,16882.86
2246,12246.82
2247,20459.5
2248,11381.65
2250,15409.869999999999
2253,11184.48
2256,475.0
2258,740.8100000000001
2259,12039.09
2261,3449.08
2262,28995.96
2263,92.49
2264,33056.47
2269,19825.1
2272,21911.57
2273,16568.33
2276,12337.38
2277,9160.68
2279,8918.35
2283,11444.43
2286,23807.56
2289,10496.72
2290,15488.55
2291,8153.09
2293,11589.69
2297,5676.87
2298,68648.4
2299,18385.9
2301,17551.79
2303,820.0
2305,13890.1
2306,18568.42
2307,18146.67
2309,11788.5
2310,17190.36
2313,11008.75
2317,13594.69
2318,26445.16
2319,16391.5
2322,4039.8
2323,33224.18
2325,10906.68
2328,14525.36
2329,16117.89
2331,8930.1
2332,8793.82
2334,14474.640000000001
2335,12334.31
2336,25676.54
2345,35038.13
2347,22334.06
2352,4838.36
2354,13070.93
2355,7918.93
2356,1264.97
2357,8234.64
2359,20762.37
2363,16976.26
2370,10620.02
2376,15799.470000000001
2380,15099.07
2383,6038.96
2385,4634.24
2386,16912.11
2387,18229.07
2388,12988.28
2392,6410.8
2393,13407.4
2394,16959.15
2395,6552.28
2397,19051.71
2405,11633.32
2407,8941.86
2410,14997.51
2411,20272.66
2412,15603.49
2414,20238.95
2415,26440.36
2416,26141.17
2417,15751.939999999999
2418,7488.3
2420,518.52
2421,14318.18
2422,27492.579999999998
2424,1454.27
2427,12313.83
2428,29721.760000000002
2432,30310.41
2433,9355.75
2434,22611.26
2435,20647.79
2437,5802.97
2438,41088.59
2439,26045.48
2442,32537.6
2444,16482.85
2445,18490.18
2446,11805.6
2447,25113.12
2448,21333.16
2451,80.72
2457,3229.22
2458,6423.61
2460,26807.61
2461,14685.29
2462,6409.32
2463,36230.76
2464,27296.77
2466,11874.25
2467,21358.65
2470,15881.62
2471,1584.28
2475,5674.22
2476,20554.69
2477,27895.92
2479,10811.57
2482,19562.78
2485,4665.6
2486,4158.33
2488,73472.37
2489,13751.04
2491,13071.97
2494,9141.03
2496,10130.33
2497,22467.72
2498,11380.47
2500,41665.52
2501,23946.22
2504,24319.89
2505,7271.0
2506,27127.82
2510,11639.77
2511,32190.29
2512,23741.01
2513,19586.52
2519,13118.210000000001
2521,28136.91
2523,19542.9
2524,27332.96
2525,14962.47
2526,35236.28
2527,19781.61
2528,1305.0
2529,21719.61
2531,19071.15
2534,20085.52
2535,5366.3
2536,14657.19
2537,21536.89
2541,22303.72
2542,15442.039999999999
2543,60862.89
2546,17451.41
2548,10499.1
2551,33901.46
2552,12074.08
2553,15111.02
2559,20022.3
2560,62996.9
2561,5277.47
2562,6139.01
2565,13623.380000000001
2567,19435.88
2568,9700.68
2569,11773.9
2570,12721.38
2571,10996.85
2574,8636.04
2575,16995.08
2576,4258.0599999999995
2579,8338.68
2587,9915.9
2588,2390.85
2590,25046.35
2593,27970.989999999998
2594,18126.579999999998
2596,15887.16
2598,13521.95
2599,28454.39
2604,19006.23
2605,12284.04
2610,19807.14
2612,2967.77
2613,28477.99
2614,16784.39
2615,22569.7
2616,11388.13
2618,32915.89
2622,58941.99
2624,9602.81
2625,10696.11
2626,17776.51
2630,16903.2
2631,58711.22
2632,11585.369999999999
2633,16141.16
2635,13822.43
2637,22702.91
2639,24756.12
2641,16021.13
2642,10140.720000000001
2644,22841.47
2645,18178.45
2646,11990.74
2648,12969.39
2652,28622.95
2653,16728.04
2655,12690.48
2656,11532.73
2657,31251.03
2659,16733.69
2662,18494.36
2671,11332.42
2673,18571.47
2675,45439.5
2676,11759.3
2682,15870.91
2685,12896.82
2686,14568.83
2688,8458.2
2689,27164.8
2693,8752.32
2697,28695.5
2698,17623.44
2701,11014.67
2703,14112.64
2705,11023.7
2707,16190.42
2709,9681.32
2710,17314.5
2711,21267.14
2712,10749.01
2715,13668.81
2716,12165.91
2717,19656.79
2721,16263.769999999999
2722,35690.75
2726,17602.97
2734,15324.87
2735,24312.5
2736,8093.68
2741,12984.29
2743,19186.74
2744,30482.33
2747,21427.54
2748,13668.01
2751,7783.48
2753,18957.29
2757,11099.130000000001
2758,14846.83
2760,6381.3099999999995
2761,15837.64
2762,4825.839999999999
2766,10301.43
2769,13486.37
2770,38483.49
2771,8844.33
2772,32413.13
2776,6200.0
2777,6619.44
2778,17198.0
2780,15609.67
2781,9578.56
2783,30714.28
2784,13021.94
2789,11075.57
2791,26337.67
2792,8136.53
2796,16572.41
2797,642.89
2804,24485.19
2806,11758.27
2810,14348.69
2814,24522.47
2816,24624.23
2820,11900.34
2823,17155.12
2824,13974.19
2825,352.65000000000003
2827,19031.64
2829,12516.13
2831,22892.08
2832,2706.91
2833,21078.27
2836,9212.66
2837,16821.11
2841,11550.5
2842,16747.21
2844,38871.92
2847,9028.68
2849,26586.97
2851,3207.7400000000002
2852,28035.19
2856,10852.26
2858,12896.76
2859,18721.42
2860,40970.32
2861,21733.53
2862,18360.04
2863,27550.71
2864,17646.59
2866,37365.33
2868,6888.05
2872,9168.96
2874,32951.44
2877,15330.69
2879,37950.92
2882,25051.31
2883,21827.34
2885,8744.25
2886,26917.19
2888,12240.41
2889,10710.72
2891,13360.31
2892,6085.41
2896,5352.41
2897,19670.45
2900,16341.76
2901,18141.920000000002
2902,14888.18
2905,7722.35
2909,13318.58
2910,14037.17
2913,7138.5
2914,10522.83
2915,32800.87
2919,740.75
2921,17071.17
2922,11756.21
2925,27563.55
2926,7944.79
2930,6275.0599999999995
2931,18840.34
2934,21285.08
2935,18770.54
2936,13267.37
2937,3548.7400000000002
2940,6659.9
2941,15326.060000000001
2942,22951.66
2944,15242.16
2945,13337.56
2948,11185.64
2949,12762.79
2952,6183.67
2955,17812.13
2959,7418.19
2960,15640.38
2967,5249.36
2969,13018.5
2970,10891.99
2971,2497.62
2972,18206.39
2973,4546.43
2974,19538.489999999998
2975,16104.32
2978,22330.15
2980,51590.3
2981,8980.3
2982,27162.1
2983,18397.25
2984,23354.18
2985,20002.79
2986,7094.0
2987,23274.68
2988,30567.81
2991,29043.510000000002
2996,9493.77
2997,14757.9
3002,17558.17
3003,28966.05
3007,54800.1
3011,2975.7799999999997
3012,31680.37
3013,7808.84
3014,6640.0
3015,23384.82
3017,22204.86
3018,15725.34
3019,58682.65
3021,16754.41
3023,18928.53
3028,16100.83
3032,17420.68
3033,352.78
3035,68919.96
3037,20040.329999999998
3038,45015.46
3040,13592.78
3044,17066.72
3049,23191.59
3050,22476.920000000002
3052,3002.88
3053,16038.24
3054,14238.28
3055,13949.91
3056,7685.56
3059,12241.69
3060,15917.93
3062,21593.56
3065,6596.37
3067,7960.0
3069,16895.44
3070,8746.66
3073,3442.8
3074,10333.53
3084,6132.52
3085,24712.22
3089,16405.16
3091,18800.71
3093,21477.68
3096,24536.0
3097,10664.42
3103,13126.710000000001
3104,31630.52
3105,4538.65
3108,47444.25
3110,13363.46
3111,17972.53
3113,23381.03
3114,4142.05
3115,28030.56
3117,40195.479999999996
3121,26344.11
3122,20841.15
3123,136.19
3124,16703.7
3129,17198.04
3131,15774.6
3132,22276.23
3133,14837.11
3134,7935.98
3135,31330.1
3136,56983.18
3137,9369.64
3138,8844.48
3139,17520.079999999998
3140,11985.33
3142,12655.369999999999
3144,12610.58
3145,10435.37
3146,22925.14
3147,10676.2
3148,22923.82
3149,20577.79
3151,29051.16
3154,32163.170000000002
3156,10239.21
3160,24734.29
3162,41583.17
3163,30267.02
3164,18268.68
3165,14590.17
3166,10703.59
3168,27127.08
3169,17557.86
3170,16221.25
3171,6390.15
3174,6495.17
3175,20275.87
3176,10860.05
3179,26168.94
3189,14787.07
3190,14668.06
3192,35815.58
3194,30706.25
3195,14629.84
3199,19971.57
3201,29826.18
3203,2436.72
3205,2911.81
3206,14494.35
3207,7812.93
3208,23119.18
3209,2273.76
3210,16091.31
3212,14598.0
3217,16917.0
3220,3479.1699999999996
3222,8315.210000000001
3226,8763.369999999999
3227,16937.23
3228,5700.9400000000005
3236,15068.199999999999
3237,11602.0
3239,19207.74
3240,7434.75
3243,29972.62
3245,43912.47
3246,47251.13
3247,38099.91
3254,20140.579999999998
3255,49.12
3256,17732.04
3258,16045.02
3259,15299.38
3260,16240.2
3261,16829.81
3263,30465.89
3264,19587.53
3266,32896.78
3267,25424.25
3268,15460.6
3270,15864.76
3271,22439.38
3272,2023.79
3273,29573.13
3275,16506.42
3277,20183.98
3280,27885.66
3282,19415.85
3283,0.03
3284,14592.37
3285,13867.150000000001
3287,12723.67
3289,11328.44
3294,17095.97
3295,23199.92
3297,19474.9
3299,19386.47
3300,13763.54
3302,6223.75
3304,29646.68
3306,18183.15
3307,3565.02
3309,9840.63
3315,806.68
3317,7894.03
3318,17432.2
3319,11229.43
3320,43689.92
3322,18479.56
3323,9732.96
3324,34428.61
3328,13008.89
3331,11498.43
3332,19325.91
3334,15653.199999999999
3337,14328.9
3342,11746.93
3343,6087.74
3347,20940.96
3349,13390.789999999999
3350,26368.0
3352,34237.37
3354,21284.71
3355,759.71
3358,15535.45
3359,7262.46
3363,33328.26
3366,19780.97
3367,29936.49
3368,24001.04
3369,17039.31
3370,6190.23
3371,13026.18
3372,18338.11
3376,21561.64
3377,11264.66
3378,21916.21
3380,12776.24
3381,22585.69
3384,20889.89
3385,5279.16
3387,22009.84
3391,22374.4
3392,63482.9
3393,19511.0
3395,2805.72
3396,29242.91
3397,8368.95
3398,14402.47
3399,8578.81
3403,15114.99
3404,26264.29
3405,11854.45
3407,16102.82
3408,2504.47
3412,25619.54
3414,11593.74
3415,20309.0
3416,4771.19
3417,9870.98
3421,20007.48
3422,13108.18
3423,39153.99
3424,17720.64
3425,23774.04
3427,10815.33
3429,13791.66
3430,17672.57
3431,22835.55
3438,6324.51
3439,8650.42
3440,11157.79
3442,1686.48
3444,34971.86
3445,16565.88
3446,14381.03
3447,12144.45
3449,43554.12
3450,15447.28
3452,10849.49
3457,21497.6
3460,10901.46
3463,9242.49
3464,16257.05
3466,27814.88
3467,22226.86
3469,12167.42
3470,27117.260000000002
3471,15798.16
3474,1237.79
3476,12078.42
3478,2651.93
3483,10988.17
3484,5415.12
3485,16667.61
3486,17154.22
3488,65.78999999999999
3489,14801.78
3490,23743.96
3491,3383.0
3492,53465.69
3495,11954.6
3497,23717.03
3498,43557.25
3501,31042.8
3503,15268.04
3504,16614.4
3508,13159.92
3511,12241.07
3512,11387.26
3513,15497.26
3514,32206.77
3517,7739.39
3520,12791.93
3521,360.0
3522,27710.77
3523,15195.8
3524,8414.7
3529,39108.85
3530,26179.05
3532,1754.23
3538,15699.65
3540,40937.08
3541,21219.39
3543,37725.659999999996
3544,15543.03
3550,4344.54
3558,16069.14
3559,25333.489999999998
3561,17510.44
3562,16435.45
3563,12001.67
3564,11050.789999999999
3568,27831.47
3570,21239.57
3571,14723.64
3572,7310.33
3574,6792.26
3577,26805.85
3582,10995.08
3585,30618.82
3587,6118.73
3588,18452.39
3590,5946.35
3594,27057.48
3595,14690.57
3597,17689.08
3600,7512.28
3601,19909.39
3604,18420.24
3608,7705.57
3611,9779.17
3612,23033.71
3613,6648.97
3616,27299.17
3619,19512.89
3622,13437.53
3623,17931.34
3625,12552.15
3627,12603.86
3630,24305.47
3631,10654.14
3632,13277.62
3634,21478.4
3640,15233.58
3644,34780.79
3645,28436.45
3647,5665.36
3650,16323.91
3651,14216.7
3654,8533.130000000001
3657,25541.35
3658,23681.989999999998
3660,21494.17
3661,23591.75
3663,11587.96
3664,27327.96
3666,29921.14
3668,11426.04
3669,8087.3099999999995
3672,5449.34
3673,65700.98
3679,8837.42
3680,10307.55
3683,8675.59
3684,12284.47
3685,7514.5
3686,1900.98
3687,17039.16
3691,18724.3
3694,58730.75
3698,14039.25
3699,27005.22
3702,16241.86
3704,9812.07
3705,16600.25
3706,21348.54
3708,9922.66
3709,23902.11
3712,14721.8
3713,8449.75
3715,19211.39
3716,18761.81
3717,13302.61
3720,21359.58
3721,17405.21
3723,19240.03
3724,8666.2
3725,24576.39
3726,4096.95
3730,7594.75
3731,16483.7
3733,17879.7
3736,22191.739999999998
3738,18448.25
3739,18046.96
3742,5352.81
3745,14101.61
3746,20299.77
3747,1855.78
3748,18020.73
3750,15778.09
3751,8689.08
3752,5059.43
3755,20224.02
3757,17167.24
3758,23628.59
3760,33904.1
3761,21215.39
3763,2058.52
3764,17840.97
3769,9591.21
3772,16563.13
3774,70509.91
3775,20738.83
3778,15746.73
3783,9440.26
3786,26095.17
3787,19892.670000000002
3789,405.41
3791,7277.54
3793,14521.22
3796,14831.83
3802,6223.76
3804,15235.0
3805,24870.49
3807,20219.06
3808,16181.939999999999
3814,19568.27
3815,37491.81
3816,18743.510000000002
3818,8126.7300000000005
3820,19390.77
3821,7855.18
3822,12602.630000000001
3825,14777.87
3826,24629.13
3828,23517.75
3829,13169.630000000001
3830,22905.41
3831,25480.65
3832,19673.89
3834,10184.73
3835,35201.22
3836,17278.55
3839,12214.6
3840,14121.33
3841,23768.35
3844,11073.369999999999
3845,11521.64
3849,18994.89
3851,28468.89
3852,10102.18
3853,7591.21
3854,8696.619999999999
3856,10805.22
3862,19606.15
3863,1378.16
3864,14745.79
3865,20158.64
3866,27832.75
3869,12455.95
3870,28925.44
3873,23103.36
3874,16599.63
3878,16318.85
3880,10902.960000000001
3881,6658.58
3883,2730.3999999999996
3885,43861.16
3887,16580.61
3890,4852.15
3891,14719.08
3892,19007.11
3893,14161.03
3896,11631.97
3897,23602.28
3899,6883.84
3900,30820.829999999998
3901,122467.34
3907,15382.16
3909,23846.31
3910,17369.04
3913,7769.02
3914,5931.46
3915,50049.27
3916,10694.17
3918,26062.85
3922,16683.97
3923,1583.57
3924,21021.53
3925,21418.72
3927,29527.65
3928,19132.89
3932,19887.64
3935,15983.949999999999
3936,27977.17
3937,31279.06
3939,12593.83
3940,13311.26
3941,13855.24
3944,17976.03
3945,18814.47
3947,5320.0
3949,26502.07
3952,2852.88
3953,12729.210000000001
3959,11366.34
3960,32608.140000000003
3962,26082.97
3963,6294.18
3966,23816.5
3967,12643.66
3968,10300.289999999999
3969,10932.720000000001
3970,29923.94
3972,16612.39
3975,15555.019999999999
3979,7868.53
3980,10085.08
3983,22893.0
3984,53504.98
3987,12218.09
3991,21930.6
3992,30966.55
3993,7533.9
3996,24533.39
3997,24233.13
4001,403.31
4002,80430.3
4005,45958.85
4006,401.33
4007,64687.14
4010,22912.89
4013,90419.41
4016,85847.51
4017,43798.27
4021,18572.94
4022,37066.64
4023,34027.31
4026,24802.8
4027,22584.48
4028,26751.28
4030,7290.05
4033,190.0
4034,72588.3
4035,22087.35
4037,241.17
4038,109316.09
4041,6337.7300000000005
4042,40482.89
4044,3830.44
4047,39511.38
4048,80128.65
4051,66178.91
4052,7624.1900000000005
4054,21385.33
4055,32603.0
4057,34142.49
4063,96209.99
4066,3226.71
4067,33311.0
4068,22832.17
4070,5200.0
4073,5230.0
4074,42015.909999999996
4075,559.75
4079,30140.05
4081,122914.74
4082,67116.39
4084,49643.66
4085,38708.630000000005
4090,56347.27
4091,400.0
4092,40513.99
4093,71929.85
4096,57984.74
4098,5068.37
4099,32003.25
4100,46019.28
4103,31025.48
4104,51613.99
4105,2661.59
4106,42916.67
4107,115273.83
4108,52858.86
4109,33454.91
4112,315.0
4114,76743.26
4116,39018.46
4117,4390.0
4118,954.25
4120,11155.26
4121,190.36
4124,10594.34
4126,4438.25
4130,321.4
4131,2854.66
4132,12417.9
4136,88152.56999999999
4137,9182.93
4139,180.54000000000002
4144,71215.83
4145,5250.0
4147,39609.71
4152,66599.88
4156,1280.0
4157,980.4
4163,79048.56999999999
4165,84105.76000000001
4167,23331.11
4175,12328.04
4179,18930.14
4180,148710.81
4181,82303.81
4182,86.59
4183,8158.51
4184,48600.13
4185,69582.83
4187,6250.0
4188,6704.0
4189,99217.09
4192,1425.0
4194,59602.17
4195,369.26
4198,67126.6
4200,15920.0
4203,8668.66
4208,13444.66
4209,20578.84
4210,2937.86
4211,27427.07
4213,4030.49
4214,498.69
4215,71060.45
4217,51803.55
4219,133592.38999999998
4220,18507.55
4221,65754.97
4222,10652.15
4223,60039.04
4226,10870.28
4231,8785.98
4232,118486.24
4235,59654.67
4237,164441.37
4238,34340.83
4240,37869.04
4244,620.0
4247,7889.98
4248,4410.62
4250,33257.67
4251,43901.5
4254,53079.65
4255,155104.4
4256,17622.17
4257,26539.19
4259,28920.010000000002
4260,9844.88
4262,23658.48
4270,20238.38
4272,60938.22
4273,91981.65
4275,8085.42
4276,78882.98
4277,109.7
4280,13957.23
4283,56842.13
4284,4913.61
4285,40040.79
4287,8045.530000000001
4288,52318.65
4291,29057.65
4294,23225.34
4295,2851.22
4296,13807.460000000001
4297,96405.21
4298,158973.5
4300,3898.85
4302,11688.56
4304,370.0
4306,720.0
4308,2611.36
4309,43629.8
4310,0.06
4311,98316.88
4312,22149.09
4313,98850.12
4319,25405.79
4320,186915.36
4324,17183.670000000002
4328,3174.5
4329,36502.119999999995
4330,6072.35
4331,40813.7
4333,4259.78
4334,41189.71
4336,6522.0
4337,9881.7
4338,8001.16
4339,5188.98
4343,13028.36
4344,48150.95
4348,107348.98
4351,0.07
4353,49289.41
4355,8933.72
4359,2740.89
4361,105088.08
4366,15034.67
4368,49510.76
4370,57403.01
4372,9850.28
4376,32009.940000000002
4378,88706.64
4379,60.24
4380,36261.56
4383,38002.62
4384,6317.46
4386,28250.48
4391,53.34
4392,61881.38
4395,43083.08
4397,1211.26
4401,113428.24
4403,34865.82
4404,33357.64
4405,2471.49
4408,6041.38
4409,115602.59
4410,49285.58
4413,111987.72
4414,15716.16
4415,9854.09
4416,62981.77
4417,5511.0
4418,25739.96
4420,89825.11
4423,245066.91999999998
4424,1850.0
4427,13340.39
4429,39515.14
4434,6552.06
4437,45990.23
4442,30305.84
4443,2030.0
4445,3700.0
4446,7801.19
4451,89736.78
4452,135.62
4454,12521.15
4456,202.1
4458,155921.83
4460,22214.28
4461,4725.0
4465,44674.7
4466,38811.26
4467,6482.34
4468,140614.22
4470,170398.85
4471,73049.72
4475,11031.31
4480,27113.41
4481,21029.09
4482,2071.48
4483,91782.11
4484,2000.0
4485,1375.0
4488,5478.0
4489,99380.28
4491,46641.94
4494,97853.41
4499,7010.52
4501,1190.0
4508,4719.13
4510,102856.06
4513,43011.0
4514,63784.25
4517,420.09000000000003
4522,740.0
4524,19733.0
4526,685.31
4528,84218.16
4531,6255.75
4532,22501.33
4535,62488.13
4538,4893.44
4539,1336.33
4541,24682.45
4546,78731.67
4548,1160.0
4549,14220.0
4552,85108.19
4553,105986.55
4554,71077.64
4555,65065.44
4556,57065.79
4559,31428.62
4560,420.62
4562,54556.17
4568,171885.06
4569,60687.95
4575,4460.93
4576,78301.71
4580,30780.08
4584,72566.1
4585,20103.76
4587,10436.99
4590,118771.8
4595,9882.67
4597,580.0
4602,137130.28
4604,76338.23
4605,78207.18
4607,508.84000000000003
4608,6040.73
4611,8661.52
4613,41979.99
4614,45309.53
4615,18481.15
4616,56202.229999999996
4619,299227.17
4621,47860.52
4623,38478.31
4626,9467.16
4627,850.02
4630,2828.63
4631,16741.68
4632,51831.92
4636,35035.0
4640,61623.76
4641,29506.670000000002
4643,53258.75
4644,31771.600000000002
4645,1500.0
4648,52816.32
4650,102438.1
4651,27909.7
4652,5900.0
4656,0.06
4659,15276.59
4660,31905.65
4661,77717.89
4669,57046.34
4670,22840.13
4671,16960.18
4673,85.0
4676,64597.23
4678,10733.15
4681,52697.57
4682,58588.62
4683,9980.67
4684,21761.81
4685,10400.0
4686,23827.99
4690,22359.71
4691,18893.89
4692,72902.0
4696,37151.48
4701,30381.18
4707,6308.63
4708,48251.23
4710,62021.88
4714,68378.12
4720,10684.3
4722,20191.06
4723,49818.01
4724,14740.06
4727,26055.57
4729,161226.24
4731,8110.28
4738,11800.0
4739,20620.09
4745,57582.020000000004
4749,54466.36
4751,24877.6
4752,26519.149999999998
4754,7600.3
4756,45098.57
4757,32612.68
4758,49462.53
4761,21589.78
4763,6964.49
4765,12739.93
4768,57453.1
4770,83830.11
4771,9895.470000000001
4772,47286.659999999996
4778,27779.81
4784,59689.68
4785,32025.08
4787,57285.76
4788,44914.15
4789,6940.139999999999
4791,5085.0
4795,27270.48
4796,6668.73
4797,15208.13
4798,47949.86
4801,27205.8
4803,36915.53
4806,41643.41
4809,28251.0
4811,43828.48
4814,45183.56
4816,39536.56
4817,20510.82
4819,20262.09
4823,15691.23
4824,40962.12
4827,7547.46
4828,20466.8
4830,6485.42
4835,103801.97
4836,9997.35
4840,55232.38
4841,7639.85
4842,6646.99
4843,64303.590000000004
4844,41690.4
4845,128105.66
4847,83003.79
4849,2333.63
4850,20223.03
4851,122015.22
4853,5770.75
4856,3053.75
4858,1249.51
4861,274977.12
4862,30367.61
4864,16053.27
4865,3749.1099999999997
4866,2141.0
4870,34942.61
4871,187.83
4872,22857.36
4873,59682.73
4877,47628.65
4891,38531.84
4892,42829.06
4896,7105.96
4900,75600.54
4901,27041.04
4902,1089.14
4903,11931.0
4904,55652.06
4910,20003.54
4911,0.04
4912,51550.99
4916,64476.16
4917,51732.77
4920,51472.229999999996
4921,12200.0
4922,63479.57
4925,6582.37
4927,30142.32
4929,2209.0
4933,38801.75
4934,103488.88
4935,14539.400000000001
4940,59532.19
4941,800.0
4942,13592.15
4944,0.02
4945,39633.09
4949,1027.53
4950,19203.67
4952,3400.95
4958,300.0
4960,65199.1
4966,1951.21
4967,10799.43
4968,21187.45
4971,28138.77
4974,62792.73
4975,10826.01
4976,866.48
4977,0.06
4978,5000.0
4979,2713.0
4980,743.64
4981,106707.59
4984,9995.81
4985,10611.789999999999
4990,32099.26
4991,63218.229999999996
4993,7058.01
4994,24135.93
4995,48357.41
4996,52978.12
4998,130725.32
5000,82607.48
5001,96706.6
5005,4813.9800000000005
5006,56981.51
5008,11364.96
5009,59929.83
5011,9500.82
5012,12400.67
5016,170.0
5017,56424.85
5018,300.0
5021,0.02
5023,6452.39
5026,65958.93
5030,27221.440000000002
5031,1045.1
5033,12487.6
5034,8268.5
5039,15100.0
5041,1829.7
5043,72287.96
5045,16069.839999999998
5046,159612.13999999998
5052,8808.82
5053,13835.39
5055,37017.33
5057,32169.12
5060,56526.75
5061,74344.02
5062,51490.74
5063,70137.6
5064,24947.82
5065,2173.7200000000003
5069,89361.56
5071,45489.43
5076,86850.71
5077,6085.94
5078,4199.4
5080,43367.11
5081,90847.01
5083,1.66
5086,397.90999999999997
5087,34680.9
5090,17129.95
5095,38704.92
5098,3061.07
5100,1292.28
5102,89551.29
5103,174239.67
5106,41762.81
5109,1657.8500000000001
5110,42816.92
5114,1035.11
5118,1500.0
5119,16506.67
5121,39300.68
5123,44670.29
5125,4424.41
5126,24422.47
5128,83061.17
5132,105889.22
5137,95263.71
5139,3100.0
5141,31784.84
5144,265.0
5149,2567.54
5150,41364.49
5152,13183.58
5154,74756.31
5156,20110.57
5159,71137.19
5160,24014.04
5168,30801.65
5169,99342.3
5171,750.0
5173,32716.91
5175,51907.54
5177,67432.36
5178,3871.15
5179,3906.0
5180,13542.01
5183,50078.24
5186,24636.37
5188,4421.5
5189,69232.92
5190,3028.2299999999996
5192,47479.229999999996
5193,12375.0
5197,6100.0
5200,16745.38
5202,48332.28
5204,55624.57
5205,233630.35
5206,10776.04
5207,19360.71
5208,66342.73
5209,55137.17
5212,32565.36
5214,7058.71
5216,8888.15
5218,17240.22
5220,22421.71
5222,38156.68
5226,10480.0
5228,126470.95
5229,9316.27
5231,16378.92
5232,44884.73
5234,35853.82
5237,45028.8
5238,12018.050000000001
5240,54862.65
5242,11628.24
5245,7230.23
5246,35258.38
5248,11439.12
5249,1057.3
5251,117246.52
5253,91971.75
5254,70315.25
5258,10224.98
5260,3109.62
5262,5000.0
5268,122982.7
5271,11741.68
5272,22998.37
5275,44095.25
5280,52169.95
5287,18119.38
5293,211854.24
5296,18857.36
5297,40612.26
5298,27760.469999999998
5300,2500.0
5302,64663.54
5308,13455.8
5310,85521.75
5314,14364.23
5316,1175.0
5319,9.65
5321,821.23
5322,65068.33
5323,9683.51
5327,117869.91
5328,94132.59
5329,2300.0
5330,20703.58
5331,25800.63
5333,27321.65
5342,6071.5
5344,11333.73
5345,3089.0
5348,7585.0
5349,87287.0
5352,58110.23
5354,19817.21
5356,10679.7
5357,10237.64
5360,60402.81
5362,15505.84
5365,2512.55
5366,29451.8
5367,2500.0
5370,2943.85
5374,61981.03
5375,14699.82
5377,72.0
5378,11711.28
5379,35480.57
5381,54.06
5382,26134.0
5385,76493.47
5388,21267.829999999998
5391,34300.28
5392,112293.87
5394,57711.71
5395,86164.64
5401,106643.83
5402,20244.02
5403,116614.92
5404,56907.74
5406,95502.31
5407,21659.33
5408,3870.8599999999997
5414,31334.35
5415,35938.31
5416,14605.43
5417,19319.02
5420,41256.95
5422,12570.380000000001
5423,1415.18
5424,30358.72
5429,97060.6
5431,22138.41
5432,20000.0
5433,33325.64
5436,28784.06
5439,91398.89
5442,31219.85
5443,36795.99
5447,1910.69
5450,1850.0
5451,5970.0
5457,68408.56999999999
5458,1006.19
5460,26197.690000000002
5461,27223.97
5464,3400.0
5465,311657.34
5467,16969.41
5468,41564.92
5469,131608.85
5472,15922.05
5473,3274.86
5474,40111.86
5475,3821.5299999999997
5476,7210.3
5480,6097.0
5481,40460.26
5483,94174.48
5484,30563.4
5485,20788.57
5487,24916.59
5492,12000.02
5494,46394.85
5495,404.78999999999996
5497,45891.86
5500,1436.22
5503,70298.56
5506,37884.86
5507,54891.090000000004
5511,12669.5
5513,28569.81
5515,4426.870000000001
5518,16118.72
5519,48211.29
5522,36414.66
5524,58137.43
5525,94346.22
5526,87921.31999999999
5527,11882.78
5529,71805.04
5531,14854.54
5534,72988.09
5540,34727.479999999996
5542,19483.94
5543,46135.14
5544,123867.44
5547,1506.76
5553,31988.4
5554,41561.68
5555,34479.229999999996
5560,59131.3
5561,11532.0
5564,6814.24
5568,59203.78
5570,4952.96
5574,45045.0
5576,78647.32
5577,106171.32
5578,103339.27
5581,128.0
5584,28015.34
5587,11383.04
5592,56564.1
5593,26211.3
5599,17162.59
5601,1600.0
5604,151412.5
5605,37498.83
5606,97338.12
5608,26260.48
5611,58009.58
5613,6749.8
5614,76956.64
5617,18000.0
5621,140672.16
5623,54937.48
5624,75810.34
5625,7000.0
5628,1899.0
5629,4353.67
5630,350.0
5634,40456.16
5640,65717.06
5642,78391.24
5644,32001.08
5647,56671.77
5648,25279.3
5649,290904.25
5651,76199.8
5653,280727.51
5655,32487.48
5656,1973.26
5662,112.0
5664,71.55
5665,94006.98
5666,1139.75
5667,13328.57
5669,37057.86
5671,6381.29
5674,17542.47
5675,2420.75
5676,13286.550000000001
5677,75212.48
5681,106094.52
5686,17108.56
5688,4456.99
5693,30270.22
5694,29526.28
5696,27712.829999999998
5697,130.0
5701,9888.119999999999
5703,21828.78
5708,103984.24
5709,39169.4
5710,4139.22
5712,106868.51
5716,27815.57
5717,358788.55
5718,1400.0
5720,50570.05
5721,28044.71
5722,169873.21
5724,1435.75
5725,2975.31
5727,6983.62
5729,9255.0
5730,74248.23
5732,123287.71
5734,6460.36
5735,30027.68
5737,40129.44
5738,53139.3
5745,19517.15
5746,13799.47
5747,23359.19
5749,35913.49
5750,63815.44
5751,77956.54
5756,10660.44
5759,26038.41
5761,21763.96
5762,60752.840000000004
5763,62275.020000000004
5764,4182.15
5767,66677.55
5769,969.98
5772,584.52
5774,4743.71
5775,67207.97
5779,5822.3
5780,14732.31
5783,7410.1
5785,2077.58
5787,55460.65
5794,1501.94
5796,54905.020000000004
5797,13784.45
5801,2010.0
5802,1050.04
5806,82921.43000000001
5809,152382.09
5810,51039.7
5811,16689.96
5812,357.39
5817,124180.44
5819,114266.37
5820,56078.13
5823,29397.100000000002
5826,18719.0
5827,28189.43
5828,214924.1
5829,33264.6
5831,37658.66
5832,1075.0
5838,41522.55
5839,4113.52
5840,43.9
5841,11979.5
5842,38635.94
5843,6741.610000000001
5844,249117.85
5846,43664.55
5847,196.62
5848,30137.5
5849,122717.51
5853,12519.460000000001
5854,28217.230000000003
5855,29790.36
5857,230355.22
5861,69709.0
5864,12278.99
5866,1629.06
5868,62134.04
5869,33147.25
5871,111880.06
5872,26532.5
5874,11457.92
5879,19209.14
5880,16.0
5883,9100.86
5884,6966.53
5886,3224.73
5888,61201.21
5892,39358.77
5895,2400.0
5898,8288.11
5899,1429.86
5900,13634.140000000001
5901,79599.47
5903,3803.12
5905,6432.03
5911,151862.75
5912,18807.42
5913,46919.15
5914,2885.0
5921,4260.0
5922,40714.84
5925,100.0
5926,245040.56
5928,9456.41
5929,1497.86
5930,78950.56
5935,5456.5
5939,25629.28
5940,4442.0
5941,33778.71
5943,13924.9
5944,698.02
5945,30803.8
5949,33985.0
5124,0.0
3082,0.0
5135,0.0
1552,0.0
4625,0.0
5650,0.0
4633,0.0
5660,0.0
4638,0.0
5151,0.0
5668,0.0
4655,0.0
5679,0.0
2609,0.0
4146,0.0
3637,0.0
4662,0.0
5690,0.0
4164,0.0
5707,0.0
2128,0.0
4177,0.0
4178,0.0
4706,0.0
4709,0.0
5741,0.0
1653,0.0
4094,0.0
4728,0.0
4733,0.0
4225,0.0
4748,0.0
4241,0.0
5266,0.0
659,0.0
4243,0.0
5788,0.0
5789,0.0
5281,0.0
1699,0.0
2723,0.0
4774,0.0
5800,0.0
4777,0.0
5291,0.0
5805,0.0
4278,0.0
5305,0.0
5821,0.0
5834,0.0
4299,0.0
4812,0.0
4301,0.0
4813,0.0
5326,0.0
4307,0.0
5338,0.0
5862,0.0
4839,0.0
5863,0.0
5865,0.0
5877,0.0
4868,0.0
5380,0.0
5894,0.0
4360,0.0
783,0.0
5908,0.0
5910,0.0
5927,0.0
4406,0.0
4919,0.0
323,0.0
1348,0.0
5454,0.0
4431,0.0
338,0.0
341,0.0
4970,0.0
1403,0.0
4988,0.0
2430,0.0
913,0.0
5010,0.0
5013,0.0
5528,0.0
5538,0.0
5539,0.0
4533,0.0
4534,0.0
5047,0.0
954,0.0
4547,0.0
5059,0.0
4039,0.0
5582,0.0
5074,0.0
4571,0.0
4060,0.0
4581,0.0
5112,0.0
1022,0.0
